{
    "test_accuracy": 0.9002932551319648,
    "eval_duration_seconds": 0.4110748767852783,
    "class_names": [
        "beer",
        "whiskey",
        "wine"
    ]
}